id;pm10;o3;no2;so2;co
2025-11-06;2.088857710683512;1.150608985143706;6.790137194185007;23.43148381549776;19.593827250845695
