id;pm10;o3;no2;so2;co
soria-air-;2.1345890410958903;1.3177842565597668;4.755595116988809;16.319548872180455;0
